uid,body,title,url,newspaper_uid,host,_tokens_title,_tokens_body
15ce0f30526ee78ef6ce469a3241ffda,"El triunfo electoral de Gustavo Petro en Colombia trajo inopinadas consecuencias para la oposición venezolana, agrupada tras la figura del presidente interino, Juan Guaidó, el valeroso, incansable y patéticamente inefectivo subrogado del líder de Voluntad Popular, Leopoldo López, actualmente en el exilio en España desde 2019.","Petro, la oposición venezolana y el caso Monómeros",https://elpais.com/opinion/2022-07-12/petro-la-oposicion-venezolana-y-el-caso-monomeros.html,elpais.csv,elpais.com,4,26
6ebc12c2de8f849a5da449799ef56cbc,"Yoshua Bengio, uno de los padres del aprendizaje automático, o machine learning, suele decir que la inteligencia artificial (IA) es en realidad muy estúpida. El reciente premio Princesa de Asturias de Investigación Científica se refiere a que estos sistemas pueden hacer cálculos complejísimos en milisegundos, pero al mismo tiempo son incapaces de entender cuestiones de sentido común, como que el agua moja o que si sueltas un objeto se caerá al suelo. Conseguir que las máquinas aprendan la llamada física intuitiva, las nociones básicas sobre el funcionamiento del mundo que los humanos dominamos desde edades muy tempranas, es uno de los desafíos pendientes de los especialistas.",La inteligencia artificial de Google es capaz de aprender como un bebé,https://elpais.com/tecnologia/2022-07-11/la-inteligencia-artificial-de-google-es-capaz-de-aprender-como-un-bebe.html,elpais.csv,elpais.com,6,57
f58e9f7243936603113f5c981b2ff010,"El centro de Río de Janeiro estaba a rebosar la noche del jueves. Decenas de miles de personas acudieron a ver de cerca al expresidente Lula da Silva en su primer acto de pre-campaña en la ciudad. En un clima festivo entre tambores y banderas, repleto de emocionadas arengas micrófono en mano, una breve participación sobre el escenario destacó entre el resto: Lo que vemos en Brasil es un gran movimiento. ¡Vuelve la esperanza, vuelve Lula presidente de Brasil!.",El centro derecha brasileño espera el desgaste de Bolsonaro para abrazar a Lula da Silva ,https://elpais.com/internacional/2022-07-11/el-centro-derecha-brasileno-espera-el-desgaste-de-bolsonaro-para-abrazar-a-lula-da-silva.html,elpais.csv,elpais.com,10,42
a3f01e4550c0555c5ea9a9f738420fd0,"Estamos a nada de que llegue el esperado evento global Amazon Prime Day, donde encontrarás miles de ofertas, descuentos, y promociones exclusivas para miembros Prime. El evento empieza el 12 de julio y termina el 13 a las 23.59h. En EL PAÍS Escaparate hemos seleccionado cinco productos de la categoría de tecnología en oferta en el Pre-Prime para que ahorres desde ahora.",Cinco dispositivos Amazon en oferta Pre-Prime Day que no te puedes perder,https://elpais.com/mexico/escaparate/2022-07-06/cinco-dispositivos-amazon-en-oferta-pre-prime-day-que-no-te-puedes-perder.html,elpais.csv,elpais.com,7,29
d4eaee1a9b9a1213943438b7e657d977,"Atresmedia Televisión ha anunciado este lunes el fichaje de la periodista Sonsoles Ónega (Madrid, 44 años) para un nuevo proyecto que verá la luz la próxima temporada en Antena 3. La comunicadora estaba al frente del programa Ya es mediodía en Telecinco. Según ha informado el grupo de comunicación, la también escritora se incorpora al amplio y prestigioso equipo de profesionales de Atresmedia siendo, en la actualidad, una las presentadoras más reconocidas y valoradas por los espectadores que cuenta además con una larga y sólida trayectoria en los medios de comunicación.",Sonsoles Ónega ficha por Atresmedia ,https://elpais.com/television/2022-07-11/sonsoles-onega-ficha-por-atresmedia.html,elpais.csv,elpais.com,4,43
63bbec693d663f299d94d3c5b01fc00a,"La periodista Gabriela Warkentin retoma sus conversaciones con diferentes actores de la política nacional y entrevista a la senadora panista Xóchitl Gálvez, quién aspira a ser candidata al Gobierno de Ciudad de México. Sus orígenes indígenas, su carrera como ingeniera y sus largos años en la política, han servido a la senadora del PAN para hacer una radiografía de los aciertos y los errores de los políticos en su país: La posibilidad de castigar la corrupción con los métodos tradicionales es casi imposible, por eso la clase política sabe que puede robar con un cinismo sin que pase absolutamente nada, asegura y reconoce que el país ha llegado a esos niveles de podredumbre porque no existe un verdadero sistema que castigue la corrupción. Es uno de los cánceres del pasado, presente y el futuro que no hemos podido resolver. En el diálogo también retomará otros temas pendientes de México: militarización, violencia, crispación, reformas constitucionales y freno a los discursos de odio.",Xóchitl Gálvez: Quiero ser jefa de la Ciudad de México,https://elpais.com/mexico/2022-07-12/xochitl-galvez-quiero-ser-jefa-de-la-ciudad-de-mexico.html,elpais.csv,elpais.com,5,81
159ddd11c956e42e9ada2b71d0333d84,"Amazon Prime Day ha llegado y en EL PAÍS Escaparate vamos a ayudarte a descubrir las mejores ofertas. La nueva edición del evento online ya está aquí con miles de descuentos en productos y servicios. Entre ellos, el cepillo secador más vendido de la plataforma, perteneciente a la icónica marca de belleza Revlon.",Ahorra $600 en el Revlon One-Step: el cepillo secador más vendido de Amazon ,https://elpais.com/mexico/escaparate/2021-08-20/revlon-one-step-el-cepillo-secador-mas-vendido-de-amazon-y-con-mas-de-200000-calificaciones.html,elpais.csv,elpais.com,6,28
b3b73744147e5fc54805c3d5cd4f6d57,"En cuanto me di cuenta de lo que estaba escribiendo, me quedé horrorizada. Rebecca Makkai (Illinois, 44 años), escritora con dos novelas e incontables relatos a sus espaldas, creía tener claro en 2013 por dónde tiraba su siguiente libro: París, años veinte, mundo del arte, una obra que encierra una historia de amor Pero el relato solo funcionaba si la dueña de dicha obra se encontraba no en edad de enamorarse, sino de morir. Matemáticamente, eso nos situaba en los años ochenta, explica en un hotel de Madrid y deja una pequeña pausa para subrayar la gravedad de la decisión.",Rebecca Makkai: Solo los extremistas creen que no se puede escribir desde otros puntos de vista,https://elpais.com/icon/2022-07-10/rebecca-makkai-solo-los-extremistas-creen-que-no-se-puede-escribir-desde-otros-puntos-de-vista.html,elpais.csv,elpais.com,7,54
b28d20995a6529fa747f8c402b913c1e,"Nada, ni una palabra, no se habla de eso. Esa es la respuesta unánime de una decena de mujeres de diferentes edades sobre lo que saben o le han contado de la menopausia, una etapa vital que afronta la mitad del planeta: no saben nada, poco o menos les han hablado sobre ello a lo largo de su vida y cuando se la encuentran, persiste la espiral de silencio. No es una enfermedad, solo un proceso natural; pero el estigma social y el desconocimiento mantienen el manto de secretismo en torno al fin de la menstruación y lo que sigue después. No se habla: ni en casa, ni fuera.","El tabú de la menopausia: Hay vergüenza, preocupa ser identificadas como viejas o incapaces",https://elpais.com/salud-y-bienestar/2022-07-10/el-tabu-de-la-menopausia-hay-verguenza-preocupa-ser-identificadas-como-viejas-o-incapaces.html,elpais.csv,elpais.com,7,42
d3fd9bdad5da2ebcd571c4a73edd1554,"What should have been an event to celebrate the approval of a new gun safety law turned into yet another sign that US President Joe Biden is in trouble. Manuel Oliver, the father of a 17-year-old teenager who was killed in the 2018 mass shooting at a high school in Parkland, Florida, interrupted Bidens speech on Monday, demanding the Democrat do more to address gun violence.",Father of shooting victim interrupts Bidens gun safety speech ,https://english.elpais.com/usa/2022-07-12/father-of-shooting-victim-interrupts-bidens-gun-safety-speech.html,elpais.csv,english.elpais.com,8,58
73d3d5f0dc642ae800c7fc8e4c80c027,"La quinta ola en México acelera el paso de manera exponencial. Si a principios de junio los contagios diarios se sumaban en un rango diario de entre 1.3000 a 3.500 pacientes, ahora han crecido a incidencias confirmadas nacionales de 22.000 a 26.000 enfermos por día, de acuerdo con los datos dados a conocer por la Secretaría de Salud. Con una tendencia al alza en el número de nuevos casos, el pasado lunes 4 de julio se registró el número más alto de contagios confirmados de esta quinta ola al contabilizar, 30.507, la cifra más alta de esta nueva ola. Desde que comenzó la pandemia al lunes, México acumula 6,2 millones de contagiados y 326.085 fallecidos.",Los contagios de la covid-19 se aceleran exponencialmente en México,https://elpais.com/mexico/2022-07-12/los-contagios-de-la-covid-19-se-aceleran-exponencialmente-en-mexico.html,elpais.csv,elpais.com,4,57
6195e7466810e559af2fb1afddc257f9,"En 2013, durante el Europeo de Londres, la selección de hockey hierba comía con vales en una universidad, cambiaron tres veces de alojamiento y no tenían médico propio, por más que sí que les acompañaba un fisioterapeuta. Pero todo era muy rudimentario y relativamente profesional, sin nutricionista ni analista. El cuerpo técnico ni siquiera tenía un sueldo fijo sino que cobraba por convocatorias y torneos. Pero la Federación Española apostó por el deporte y ahora todo es bien distinto como se puede apreciar en el Mundial femenino de Terrassa, con la selección en cuartos ante Australia (este miércoles a las 21.30 por Teledeporte, RTVE Play y Esports3). Cuentan con el seleccionador Adrian Lock, un jefe de equipo, dos asistentes, un entrenador de portero, un analista, dos fisioterapeutas y una médico, además de la colaboración de una nutricionista. Todo para tener la mejor puesta a punto.",España lo tiene todo en el Mundial de hockey hierba,https://elpais.com/deportes/2022-07-12/espana-lo-tiene-todo-en-el-mundial-de-hockey-hierba.html,elpais.csv,elpais.com,4,70
dd849a2abca79058733f75c8e69fd6e2,"La retórica política estadounidense que presenta a México como un adversario se asocia más comúnmente con el Partido Republicano de Trump. En realidad, ha sido un deporte político bipartidista que viene de antes de Trump y que, a menudo, sigue guiando la manera en la que los líderes de ambos partidos enmarcan la relación entre México y Estados Unidos.",Una mejor manera de entender la relación México-Estados Unidos,https://elpais.com/mexico/opinion/2022-07-12/una-mejor-manera-de-entender-la-relacion-mexico-estados-unidos.html,elpais.csv,elpais.com,5,29
a3fbf5f41251939944d97c7b88fa0c8d,"¿Un gran poder conlleva una gran responsabilidad? ¡Tonterías! Un gran poder conlleva una gran corrupción fue lo que dijo Howard Chaykin en una entrevista sobre su entonces nueva publicación, Power & Glory, un comic satírico sobre marketing y superhéroes. Y la primera vez que vi una imagen de Patriota, villano supremo de la serie de Amazon Video The Boys, no esperaba mucho más que un plagio soterrado de aquel olvidado comic de mediados de los noventa.",Un gran poder conlleva una gran corrupción,https://elpais.com/television/2022-07-11/un-gran-poder-conlleva-una-gran-corrupcion.html,elpais.csv,elpais.com,5,41
06e428c0a356c4b11382f7743a68fe86,"Do you want to live in Spain for a while? Under other circumstances, this idea would have appealed to Karla Z.V., a 20-year-old biology student from Mexico. But given she was facing three years in prison in Spain for illegal possession of a weapon, the question only made her panic. But it was all in jest. Her parents had good news: her case had been dismissed and she would not go to jail.",Travel nightmares: The Mexican tourist arrested in Madrid with a gun in her suitcase ,https://english.elpais.com/spain/2022-07-12/travel-nightmares-the-mexican-tourist-arrested-in-madrid-with-a-gun-in-her-suitcase.html,elpais.csv,english.elpais.com,13,67
35ce7181e707227bb4cf71a2d4ed0827,"Parisiense y gaditano se enamoran en Madrid, primavera de 2020. Trabajaban en la puesta en marcha del hotel Four Seasons. Charlotte Finkel, de auxiliar de maître; Mario Sánchez, de jefe de cocina. Verano de 2021, se van a vivir juntos. Deciden abrir su propio restaurante. Hace calor, tienen la cabeza atareada, de dinero andan bastante tiesos. Él va resolviendo las comidas al vuelo. Combina cosas frías con algo de boulangerie. Da a luz su steak tartar con rodajas de cruasán tostado y salsa béarnaise. Fue un apaño, hasta donde pueda ser un apaño cualquier cosa que improvise un cocinero que a sus 31 años ya ha trabajado con Martín Berasategui, Sergi Arola y Dabiz Muñoz. Un año más tarde, el steak tartar de su verano del amor es un bocado insignia de Comparte Bistró.",El restaurante madrileño en el que la cocina gaditana y la francesa se enamoraron,https://elpais.com/eps/2022-07-11/el-restaurante-de-chueca-donde-el-steak-tartar-es-el-bocado-insignia.html,elpais.csv,elpais.com,6,76
b2871a2d901d47b66306265a4bbd3c90,"Hombres y mujeres violados, explotados sexualmente y maltratados. Eso es lo que se encuentran los profesionales de Médicos Sin Fronteras (MSF) que atienden a los migrantes, los que vuelven a sus países al sur del Sáhara y los que aún tratan de llegar a Europa, en Agadez (Níger). Muchos son, después de haber sufrido los peores horrores, expulsados a este país desde Libia y Argelia. Solo en el primer trimestre de 2022, 8.200 han sido deportados aquí desde Argelia, según datos de la organización Alarme Phone Sahara.",Atrapados en la encrucijada migratoria de Agadez,https://elpais.com/planeta-futuro/en-primera-linea/2022-07-12/atrapados-en-la-encrucijada-migratoria-de-agadez.html,elpais.csv,elpais.com,4,45
fbd8772ae544d6f563067c8e351fa599,"US President Joe Biden revealed on Monday the first full-color image taken by the James Webb space telescope, the most powerful telescope ever launched into space. Today is a historic day, said Biden, during a ceremony at the White House on Monday evening. These images are going to remind the world that America can do big things. And theyll remind the American people, especially our children, that theres nothing beyond our capacity  nothing beyond our capacity.",James Webb space telescope: A guide to the first full-color image,https://english.elpais.com/science-tech/2022-07-12/james-webb-space-telescope-a-guide-to-the-first-full-color-image.html,elpais.csv,english.elpais.com,9,68
4b47917da078a7bc082c3a4fb33017fc,"Members of the US womens national soccer team have won a landmark battle for equal pay. The win marks a before and after for the national team, which has been fighting for equal pay since 2016. The battle finally came to an end on Tuesday after US Soccer, the national federation for the sport, agreed to a multimillion-dollar settlement to compensate the players for systematically receiving less support and money than their male counterparts.",How the US womens soccer team won its battle for equal pay,https://english.elpais.com/sports/2022-02-23/how-the-us-womens-soccer-team-won-its-battle-for-equal-pay.html,elpais.csv,english.elpais.com,11,67
7e4950a727ef44c7cbd8bbf38f9d6787,"Nadine Kessler (Landstuhl, Alemania, 34 años) estaba llamada a dominar el fútbol. Lo hizo en el campo, en 2014 ganó el Balón de Oro tras levantar la Champions y la Bundesliga con el Wolfsburgo; ahora también lo hace en los despachos. Tras no superar una lesión en la rodilla derecha, Kessler se retiró con 28 años y saltó a la UEFA, primero como embajadora y después como máxima responsable del femenino.","Nadine Kessler, máxima responsable del fútbol femenino en la UEFA: El negocio no puede ser un copiar y pegar del masculino",https://elpais.com/deportes/2022-07-12/nadine-kessler-maxima-responsable-del-futbol-femenino-en-la-uefa-el-negocio-no-puede-ser-un-copiar-y-pegar-del-masculino.html,elpais.csv,elpais.com,12,37
d997c3f56b39c3af980a09835e060a36,"La superestrella Jennifer Lopez se ha sincerado sobre sus problemas de salud mental y sobre cómo una serie de ataques de pánico producidos por el estrés y el agotamiento en su veintena la llevaron a replantearse su estilo de vida. Lo ha hecho en un texto a través de su boletín On the JLo, donde defendía la importancia del descanso.",Jennifer Lopez sufrió bloqueos y ataques de pánico por agotamiento que le hicieron cambiar sus hábitos de vida,https://elpais.com/gente/2022-07-11/jennifer-lopez-sufrio-bloqueos-y-ataques-de-panico-por-agotamiento-que-le-hicieron-cambiar-sus-habitos-de-vida.html,elpais.csv,elpais.com,11,29
c83b0e9e8a61eacdfbe2bb3b22a27f76,"La exalcadesa de Mixtla de Altamirano, en el Estado de Veracruz, María Angélica Méndez Margarito ha sido sentenciada a 60 años de prisión por el asesinato de Marisela Vallejo Orea, su sucesora, informó la Fiscalía General del Estado (FGE). El Ministerio Público ha detallado que la sentencia fue también por el mismo ataque en el que murieron el esposo de Vallejo, Efrén Zopiyactle, y el chofer de ambos, Heriberto Sabino García. El magistrado también ha impuesto un pago de 1,6 millones de pesos por concepto de reparación del daño.",Condenada a 60 años una exalcaldesa de Veracruz por matar a su sucesora,https://elpais.com/mexico/2022-07-11/condenada-a-60-anos-una-exalcaldesa-de-veracruz-por-matar-a-su-sucesora.html,elpais.csv,elpais.com,6,45
6ccfea1014508535c3dac08011366429,"El día que Octavio Leal Moncada, de 79 años, fue capturado, sus seguidores respondieron. La capital del Estado de Tamaulipas, Ciudad Victoria, que no suele aparecer en las noticias de la prensa nacional con la misma voracidad que lo hacen otras vecinas de la frontera de las más violentas del país fue sitiada el martes por cientos de hombres, algunos armados, tras la captura del líder de un grupo paramilitar poco conocido a nivel nacional: la Columna Armada Pedro José Méndez. Esta organización con nombre de un general de la Revolución, que apela al patriotismo y a la defensa autónoma de sus pueblos, se ha convertido en un poderoso agente político y militar en la zona, ajeno al Estado. Pero unos antecedentes de narcotráfico, poder político y sangre les persigue.","La Columna Armada: una historia de narcos, autodefensas y caciques en Tamaulipas",https://elpais.com/mexico/2022-07-09/la-columna-armada-una-historia-de-narcos-autodefensas-y-caciques-en-tamaulipas.html,elpais.csv,elpais.com,7,63
fca2ed4b985a4d375a17eea33eec4e6c,"El padre de la neurociencia mundial, el español Santiago Ramón y Cajal, inventaba preciosas metáforas para divulgar lo que él mismo descubría a finales del siglo XIX con su microscopio, en animales o en cadáveres de niños. Cajal escribía que las neuronas, las células protagonistas del cerebro, eran las misteriosas mariposas del alma, que se comunicaban unas con otras a través de besos. Más de un siglo después, el neurocientífico Óscar Marín pone cifras en la poesía: 100.000 millones de neuronas en cada cráneo, con un promedio de 1.000 conexiones cada una. Es una cantidad de besos de mariposa inconcebible. El cerebro humano es tan complejo que es incapaz de imaginarse a sí mismo.","Óscar Marín, neurocientífico: Variando pequeñas piezas de la corteza cerebral se generan capacidades de superhéroe",https://elpais.com/ciencia/2022-07-12/oscar-marin-neurocientifico-variando-pequenas-piezas-de-la-corteza-cerebral-se-generan-capacidades-de-superheroe.html,elpais.csv,elpais.com,9,57
e132f546d6c6d129a2bfad4b7fe5af64,"Un relicario con la sangre de Cristo metida en una caja. Eso es lo que encontró la semana pasada en la puerta de entrada de su casa Arthur Brand, el detective holandés del arte. Ha rescatado desde cuadros de Picasso a las esculturas favoritas de Hitler, pero esta vez se trataba de algo distinto. Era un cofre de cobre dorado y azul, decorado con ángeles y escenas de la Pasión, con sendos contenedores de plomo en su interior. Según la tradición, guardan unas gotas de la Preciosísima Sangre recogidas en la Cruz, y fue robado a principios de este junio de la iglesia abacial de Fécamp, situada en la región francesa de Normandía. Un intermediario de los ladrones se puso en contacto con Brand que solo tuvo que aguardar la llegada del envío con la mayor carga simbólica de su carrera. Yo soy católico y esto es lo más sagrado de lo sagrado, dice. Está previsto que la policía holandesa lo entregue este miércoles a sus colegas galos para que pueda llegar después a su destino.",El Indiana Jones del arte encuentra en la puerta de su casa un relicario medieval robado ,https://elpais.com/cultura/2022-07-12/el-indiana-jones-del-arte-encuentra-en-la-puerta-de-su-casa-un-relicario-medieval-robado.html,elpais.csv,elpais.com,7,83
821bc8b04f9067263145f40eb4d92f92,"Un juzgado de Alzira ha ordenado realizar nuevos análisis de ADN en la ropa interior de las tres niñas asesinadas en el caso Alcàsser y otros restos encontrados en varios escenarios relacionados con este suceso, como la alfombra en que fueron envueltas tras su violación, tortura y asesinato.",El juez ordena buscar ADN en la ropa interior de las tres niñas de Alcàsser,https://elpais.com/espana/comunidad-valenciana/2022-07-12/el-juez-ordena-buscar-adn-en-la-ropa-interior-de-las-tres-ninas-de-alcasser.html,elpais.csv,elpais.com,9,26
2e48d866295ad4eb3888b97fb6f18b7d,"Juan Carlos Blanco (Valladolid, 65 años) es experto en lobos. De niño le daban miedo, como a todos, pero veía El hombre y la Tierra, de Rodríguez de la Fuente, mientras merendaba pan con chocolate y empezaron a atraerle. Estudió biología y gracias a una beca para estudiar a los zorros (hizo la tesina sobre un tipo de rabia que transmitían) metió la nariz en el mundo de los mamíferos. Hoy en día es el hombre al que la Comisión Europea llama si tiene alguna consulta sobre lobos.",Juan Carlos Blanco: Ahora es casi imposible encontrar un cuento sobre un lobo malo,https://elpais.com/clima-y-medio-ambiente/2022-07-12/juan-carlos-blanco-ahora-es-casi-imposible-encontrar-un-cuento-sobre-un-lobo-malo.html,elpais.csv,elpais.com,8,46
1a0089a860008fbf23a183f02653bd5e,"A principios de mayo, Jorge Stolfi, catedrático de Ciencias de la Computación en la Universidad de Campinas (Brasil), puso este tuit en inglés: Todo científico de la computación debería poder ver que las criptomonedas son sistemas de pago totalmente disfuncionales y que la tecnología de blockchain (incluídos los contratos inteligentes) es un fraude tecnológico. ¿Podrían decirlo en voz alta?. Stolfi tiene ahora 9.400 seguidores. Entonces tenía menos. Para el discreto mundo de las ciencias de la computación, los 2.000 retuits y 7.000 likes que recibió le hicieron viral.","Soy catedrático de informática. Como mis colegas, sé que la tecnología de bitcoin es basura",https://elpais.com/tecnologia/2022-07-06/soy-catedratico-de-informatica-como-mis-colegas-se-que-la-tecnologia-de-bitcoin-es-basura.html,elpais.csv,elpais.com,6,43
19f00498d7dc5cac361e1b738de46afb,"El hijo de la farmacéutica vive por las competiciones de altavoces. Cada domingo conduce hasta un polígono abandonado de León tras enjoyarse el oro de su abuela muerta, comerse un ladrillo (así llama a los ansiolíticos), lanzar un beso a su reflejo en el espejo y desayunar Red Bull con cigarrillos. Lo suyo es pinchar bakalao desde el Citroen ZX gris de su abuelo. Fiestas de tuning en uno de esos no-lugares que, tras el cierre de la mina y las fábricas de la zona, se ha convertido en lo que te enseña Google cuando tecleas espacio liminal, sitios de paso que no pisa nadie y donde las pintadas de los muros semiderruidos asoman descoloridas, sin vida. Él ya tiene más de 30, no se le conoce trabajo legal y en el polígono siempre lo esperan chavalas con el mismo plumón, botas y flequillo. Por eso no puede evitar sentirse como si estuviese de fiesta en una cadena de montaje y se pone ansioso porque ni allí acude la que de verdad le interesa ni le quedan más ladrillos en el bolsillo.","Tristes, drogados, periféricos: la nueva literatura que refleja el dolor de los polígonos",https://elpais.com/babelia/2022-07-09/literatura-del-poligono-tristeza-explotacion-y-ansioliticos-en-el-extrarradio.html,elpais.csv,elpais.com,8,81
b1558e7e02a58da0555600d50674c802,"Beatriz Martínez (Jaén, 1982) dice que empezó soñando a lo grande desde el principio. Hace no muchos años, cuando la vida no era como la tenía planeada, dejaba a su hija menor a cargo de una amiga y cada noche recorría 160 kilómetros desde su casa en un pueblo de la Comunidad de Madrid hasta el centro de la capital para aprender el oficio de disc-jockey. Una década después, conocida artísticamente como B Jones, este mes de julio se convertirá en el primer artista español en actuar en el escenario principal de Tomorrowland, el festival de música electrónica más importante del mundo que se celebra cada verano en la localidad belga de Boom. Y lo hará en dos ocasiones: los viernes 15 y 29 de julio. Es un sueño cumplido, todavía no me lo creo y eso que últimamente trabajo cada día por esa época. Es una responsabilidad enorme, cuenta emocionada a EL PAÍS.","La DJ B Jones, de las noches en la carretera al olimpo de la música electrónica: Ahora somos el centro de la fiesta ",https://elpais.com/gente/2022-07-12/la-dj-b-jones-de-las-noches-en-la-carretera-al-olimpo-de-la-musica-electronica-ahora-somos-el-centro-de-la-fiesta.html,elpais.csv,elpais.com,9,74
7ddc00bda8d90615835e3f450ba0bcd1,"American political rhetoric depicting Mexico as an adversary is most commonly associated with Trumps GOP. In reality, it has been a bipartisan political sport long preceding Trump that still guides how leaders in both parties often frame the US-Mexico relationship. While Trumps outright villainization of Mexico is no longer a daily news topic, a recent article in The New York Times alarmingly suggested that many Biden administration insiders believe that a more adversarial relationship with Mexico would better advance US interests. The article quotes a number of anonymous Biden officials who argue the American ambassador to Mexico, Ken Salazar, should establish a less collaborative and more distant relationship with Mexican authorities in order to deliver unspecified policy wins to the Biden administration.",A better way to understand the US-Mexico relationship,https://english.elpais.com/international/2022-07-12/a-better-way-to-understand-the-us-mexico-relationship.html,elpais.csv,english.elpais.com,6,109
ca2f8ad2850974c5cec0eb43804ba945,"La Academia de la Televisión Estadounidense ha anunciado este martes los candidatos a los 74º premios Emmy, cuyos ganadores se conocerán el lunes 12 de septiembre en una gala que todavía no tiene presentador. Las nominaciones han seguido la línea habitual de estos galardones, sin grandes sorpresas ni estridencias que se salgan del guion. Se podía intuir que Succession, el drama que ha tomado el relevo de otras grandes producciones de prestigio paridas por HBO, recibiría una lluvia de nominaciones por su tercera temporada, emitida el pasado otoño, después de alzarse en 2020 con el premio al mejor drama. Y así ha sido: la serie sobre los trapos sucios, sucísimos, de una familia de milmillonarios lidera las nominaciones con un total de 25 candidaturas para intentar sumar nuevas estatuillas a las nueve que ya tiene. En las categorías de comedia tampoco hubo sorpresas, y la vencedora del año pasado, Ted Lasso (Apple TV+), ha sumado en su segunda temporada 20 nominaciones para la historia del amable entrenador de fútbol interpretado por Jason Sudeikis y que ha conquistado a su equipo, al público y a los premios. Otras 20 candidaturas ha conquistado The White Lotus (HBO), en este caso en las categorías de miniserie.",Succession y Ted Lasso lideran las nominaciones a los Emmy 2022,https://elpais.com/television/2022-07-12/succession-y-ted-lasso-lideran-las-nominaciones-a-los-emmy-2022.html,elpais.csv,elpais.com,3,101
da342cc8b5d02a375e6257b2ce2ac5c5,"En 1979, Rosaly Lopes vio un chorro de roca fundida elevarse más de 15 metros sobre la negra cima del monte Etna, en Italia, que acababa de entrar en erupción. Era la primera vez que esta estudiante de astronomía brasileña, nacida en Río de Janiero hace 57 años, visitaba un volcán, y desde entonces apenas ha hecho otra cosa. Lopes ha explorado más de 50 cráteres activos de todos los continentes, incluido el gélido monte Erebus de la Antártida.","Rosaly Lopes, la persona que más volcanes ha descubierto: Puede haber vida en Titán ",https://elpais.com/ciencia/2022-07-08/rosaly-lopes-la-persona-que-mas-volcanes-ha-descubierto-puede-haber-vida-en-titan.html,elpais.csv,elpais.com,7,42
d1eee8ae0fcbac8621236ad43b75fc6b,"Los antiguos egipcios usaban suturas hechas de cintas de lino y tendones de animales, y en Sudáfrica e India se aprovechaban las cabezas de grandes hormigas mordedoras para sujetar los bordes de las heridas. Los seres humanos han recurrido durante siglos a materiales naturales y artificiales para reparar todo tipo de tejidos. Más de 4.000 años después, la ingeniera estadounidense Kristi Anseth investiga cómo los biomateriales más modernos y sofisticados ayudan a regenerar cartílagos, a que los huesos sanen más rápido y a entender mejor algunas enfermedades.","La ingeniera que enseña a nuestro cuerpo a autorrepararse: Hemos regenerado piel, cartílagos y vasos sanguíneos, pero todavía tenemos que hacer más",https://elpais.com/salud-y-bienestar/2022-07-12/la-ingeniera-que-ensena-a-nuestro-cuerpo-a-autorrepararse-hemos-regenerado-piel-cartilagos-y-vasos-sanguineos-pero-todavia-tenemos-que-hacer-mas.html,elpais.csv,elpais.com,11,49
f7a120a585853c6a5beee0cf43f5577b,"¿Quién ha sido el más grande líder indio? ¿Toro Sentado? ¿Caballo Loco? ¿Nube Roja? ¿Cochise? ¿Jerónimo? ¿Quanah Parker? ¿Pontiac? En EE UU mucha gente dará una respuesta que puede sorprender en otros países: Tecumseh. El jefe shawnee fue un personaje crucial de la resistencia de las tribus de nativos norteamericanos contra la agresiva expansión de la recién nacida república estadounidense a inicios del siglo XIX. Guerrero legendario y gallardo caudillo admirado hsta por sus enemigos, Tecumseh formó una insólita e irresistible pareja político-religioso-militar con su hermano, un turbio chamán tuerto llamado Tenskwatawa y conocido como El Profeta. Juntos, tuvieron en jaque a los EE UU creando la más poderosa confederación india de la historia y reuniendo el doble de guerreros de los que Toro Sentado y Caballo Loco desplegaron tres generaciones más tarde en Little Bighorn. Su biógrafo Peter Cozzens (Wheaton, Illinois, 65 años), autor de Tecumseh y el Profeta, los hermanos shawnees que desafiaron a Estados Unidos (Desperta Ferro, 2021), recalca en una entrevista con EL PAÍS que el líder incluso pudo haber cambiado la historia de Norteamérica de no haber caído en combate en 1813 durante una batalla en la denominada Guerra Angloestadounidense de 1812, en la que apoyaba con su contingente indio a los británicos.",El noble y valiente jefe shawnee Tecumseh lidera la nueva incursión de libros sobre los indios norteamericanos,https://elpais.com/cultura/2022-07-11/el-noble-y-valiente-jefe-shawnee-tecumseh-lidera-la-nueva-incursion-de-libros-sobre-los-indios-norteamericanos.html,elpais.csv,elpais.com,11,113
9466a30783273b6e831c28d203a99288,"Seis días al año de vacaciones. Desde hace un siglo, eso es a lo que tienen derecho las y los trabajadores en México cuando cumplen un año por estar en una empresa. Después, cada año, el descanso sube un día, hasta alcanzar un máximo de doce días. Seguido por Japón y Costa Rica como los países con menos vacaciones, 10 días, y Turquía, con 12. En el extremo opuesto se encuentran Reino Unido, Luxemburgo y Francia, donde los trabajadores gozan de 28, 26 y 25 días de vacaciones, respectivamente. Contra la fama de flojos, en México se trabaja más que en muchos otros países, y se descansa apenas nada. La senadora Patricia Mercado explica en La Vespertina el proyecto de ley para corregir esta aberración. ¿Quién se opone? Los patrones. Y mucho.",Vacaciones: un derecho coartado a las y los mexicanos,https://elpais.com/mexico/2022-07-07/vacaciones-un-derecho-coartado-a-las-y-los-mexicanos.html,elpais.csv,elpais.com,4,61
46edf94e9039acf828c70734187dc7e8,"El papa Francisco urge a los jóvenes a consumir menos carne para comprometerse con una ecología integral y romper esta tendencia autodestructiva generada por el consumismo. En una carta dirigida este lunes a los participantes de la EU Youth Conference reunidos en Praga (República Checa) del 11 al 13 de julio de 2022 para debatir, entre otras cuestiones, sobre la sostenibilidad, el Papa ha reivindicado una vida digna y sobria, sin lujos ni derroches, para que todos puedan habitar el mundo con dignidad. En esa misiva, Francisco también ha puesto el acento sobre el impacto medioambiental que genera la producción cárnica y el uso de energía no renovable. Es urgente reducir el consumo no solo de combustibles fósiles sino también de muchas cosas superfluas; y asimismo, en ciertas zonas del mundo, conviene consumir menos carne, esto también puede ayudar a salvar el medio ambiente.",El Papa urge a los jóvenes a comer menos carne para salvar el medio ambiente,https://elpais.com/clima-y-medio-ambiente/2022-07-11/el-papa-urge-a-los-jovenes-a-comer-menos-carne-para-salvar-el-medio-ambiente.html,elpais.csv,elpais.com,8,68
e370f0bbc2f8044fda22c77e8173dd9e,"El paso de los años no viene solo, entre más tiempo pasa, nuestro organismo va sufriendo cambios no tan positivos, que se deben tratar a tiempo para que no sea demasiado tarde. Una de las zonas del cuerpo en donde más se evidencia el envejecimiento es la cara, ya que se encuentra siempre expuesta al sol y a más factores, y tiene una piel más fina y sensible. Poco a poco van apareciendo arrugas, las líneas de expresión naturales se demarcan más y la piel pierde brillo y frescura. Hoy en Escaparate te traemos los cosméticos más vendidos de Yeouth en Amazon, descubre esta marca low cost que te cambiará la vida, con la que podrás rejuvenecer tu rostro.",Rejuvenece tu rostro con los cosméticos más vendidos de Yeouth en Amazon,https://elpais.com/mexico/escaparate/2022-07-10/rejuvenece-tu-rostro-con-los-cosmeticos-mas-vendidos-de-yeouth-en-amazon.html,elpais.csv,elpais.com,6,57
9f202e126a4549e44c16eb702aa55ccc,"El sector del automóvil atraviesa una situación crítica, de transformación y de dificultades. España se juega mucho en el envite. El país es el segundo productor europeo de vehículos tras Alemania y el cuarto fabricante de componentes, con una industria auxiliar de un millar de empresas preparadas para un proceso de fusiones y adquisiciones que va a cribar el negocio. De cómo afronta el sector este momento de cambio depende un 12,5% de la economía (PIB), según las cuentas de la asociación de fabricantes de automóviles Anfac y de la asociación de proveedores de automoción Sernauto. El director general de esta última, José Portilla, resume así la situación: el sector, asegura, se encuentra inmerso en una transformación sin precedentes. Sobre todos los planes manda el desarrollo del coche eléctrico y la prohibición de motores de combustión en la UE a partir de 2035.",Los artesanos del coche del futuro son españoles,https://elpais.com/economia/negocios/2022-07-12/los-artesanos-del-coche-del-futuro.html,elpais.csv,elpais.com,4,72
f97b9fad7e878419b91a80e44b5bd199,"El presidente mexicano, Andrés Manuel López Obrador, ha pedido este martes a su homólogo, Joe Biden, durante una reunión en el Despacho Oval, que facilite la entrada a Estados Unidos de los trabajadores mexicanos y centroamericanos más cualificados, para apoyar la economía. La migración ha sido uno de los temas centrales de un encuentro que, sobre todo, ha servido para escenificar un acercamiento tras los últimos roces en la relación bilateral. Lo digo de manera sincera y más respetuosa: es indispensable para nosotros regularizar y dar certeza a los migrantes que durante años han vivido y trabajado de manera muy honesta y también están contribuyendo al desarrollo de esta gran nación, ha añadido López Obrador, que llevaba escritas sus declaraciones, y ha hablado durante 31 minutos hasta que ambos mandatarios se han quedado a solas para celebrar la reunión bilateral prevista.",López Obrador pide a Biden audacia con la inmigración,https://elpais.com/internacional/2022-07-12/lopez-obrador-pide-a-biden-audacia-con-la-inmigracion.html,elpais.csv,elpais.com,5,67
7270ac566fbd6228b47937b7a25ad933,"Walaa Mostafa, una mujer egipcia de 35 años del barrio popular de Imbaba, en el oeste de El Cairo, contrajo un pequeño préstamo de 13.000 libras (alrededor de 650 euros) en 2017, poco antes de casarse. Como es habitual, los futuros cónyuges se repartieron la tarea de comprar los muebles y electrodomésticos del hogar. Y como Mostafa aún no tenía ahorros, le pidió el dinero a un comerciante del barrio, algo muy frecuente en Egipto, un país en gran medida no bancarizado.",Arte NFT para sacar de la cárcel a mujeres insolventes en Egipto,https://elpais.com/planeta-futuro/2022-07-12/arte-nft-para-sacar-de-la-carcel-a-mujeres-insolventes-en-egipto.html,elpais.csv,elpais.com,7,39
9205385b31de17991710a039dba18d9f,"Desde hace milenios, la posibilidad de tener hijos ha sido un anhelo y un problema que depende de la oportunidad. Hasta hace pocas décadas no se tenían métodos eficaces para controlar los tiempos de uno de los fenómenos más fascinantes de la vida. Y aun así, parece que aún no controlamos del todo la capacidad de tener hijos. La catedral de Milán está dedicada al nacimiento de la virgen María, la madre por antonomasia para los cristianos. Una madre que, además, concibió tras una fecundación diferente a todas las anteriores. En esa ciudad con ese templo dedicado a la maternidad se han reunido esta semana muchos expertos internacionales en reproducción humana, en el Congreso Anual de la Sociedad Europea de Reproducción Humana y Embriología, el primero presencial después de la pandemia.",Óvulos que se agotan y declive del esperma: todo lo que ignoramos sobre fertilidad hasta el momento de querer hijos,https://elpais.com/salud-y-bienestar/2022-07-09/ovulos-que-se-agotan-y-declive-del-esperma-todo-lo-que-ignoramos-sobre-fertilidad-hasta-el-momento-de-querer-hijos.html,elpais.csv,elpais.com,9,66
02f6bcc13e9ac43c6cdaff5d73673db5,"Amazon Prime Day ha llegado y en EL PAÍS Escaparate vamos a ayudarte a descubrir las mejores ofertas. La nueva edición del evento online ya está aquí con miles de descuentos en productos y servicios. Entre ellos, el codiciado dispositivo Fire TV Stick creado por la plataforma que convierte tu televisor en una Smart TV.",Ahorra $500 en el Fire TV Stick: el dispositivo favorito para mejorar tu televisión,https://elpais.com/mexico/escaparate/2022-03-21/fire-tv-stick-que-es-y-como-funciona-el-dispositivo-favorito-para-mejorar-tu-television.html,elpais.csv,elpais.com,8,30
00775090ba244862f7fd2320a1de275e,"Elena (prefiere usar un nombre falso) toma una buena bocanada de aire antes de empezar a desgranar su rutina diaria. Como para cargarse al hombro el peso de las más de 6.225 carreras que lleva acumuladas conduciendo para Uber. Mi día empieza a las 5:30 de la mañana. Me levanto, me preparo y salgo, porque a las 6:05 sale el tren que va a Madrid, arranca esta mujer ecuatoriana de 36 años, que llegó a España hace 20, y a Uber hace tres y medio.",Somos esclavos de Uber: el coste para los conductores de un modelo de negocio imposible,https://elpais.com/economia/2022-07-11/somos-esclavos-de-uber-el-coste-para-los-conductores-de-un-modelo-de-negocio-imposible.html,elpais.csv,elpais.com,6,41
66e775124c494e053473380d86d5ef9f,"Amazon Prime Day ha llegado y en EL PAÍS Escaparate vamos a ayudarte a descubrir las mejores ofertas. La nueva edición del  evento online ya está aquí con miles de descuentos en productos y servicios. Entre ellos, esta funda de sofá que se ha convertido en top ventas y que está disponible en hasta 22 colores y 11 tamaños distintos.",Ahorra $113 en la funda para sillón más vendida de Amazon México: disponible en diferentes medidas y colores,https://elpais.com/mexico/escaparate/2021-10-31/en-10-colores-y-cuatro-tamanos-esta-funda-para-sillon-es-la-mas-vendida-de-amazon-mexico.html,elpais.csv,elpais.com,10,28
6375be988a44784a9efb2053a3d0e231,"Los responsables del telescopio espacial James Webb han publicado hoy todas las primeras imágenes tomadas por este observatorio astronómico, el mayor que se ha lanzado al espacio. Las nuevas instantáneas y datos científicos retratan exoplanetas gigantes, grupos compactos de galaxias y la nebulosa más brillante conocida. Estas imágenes siguen al anuncio que hizo ayer el presidente de EE UU, Joe Biden, con la primera instantánea a todo color tomada por este instrumento.","Las nuevas imágenes del telescopio James Webb muestran planetas gigantes, estrellas agonizantes y galaxias chocando a altísima velocidad",https://elpais.com/ciencia/2022-07-12/las-nuevas-imagenes-del-telescopio-james-webb-muestran-planetas-gigantes-estrellas-agonizantes-y-galaxias-chocando-a-altisima-velocidad.html,elpais.csv,elpais.com,12,44
fc44c0325a49e23a654e1b9506bea19c,"La Iglesia católica de México ha comenzado este domingo la movilización de sus seguidores para exigir al Gobierno una nueva estrategia de seguridad para apaciguar la ola de violencia que arrecia en el país. La Conferencia del Episcopado Mexicano (CEM) ha convocado a todos los templos a celebrar, durante los próximos 10 días, misas en todo el país por los sacerdotes asesinados y todas las víctimas. Tras el asesinato de dos jesuitas en la sierra Tarahumara hace tres semanas, los líderes de la Iglesia han intensificado sus pronunciamientos hacia las autoridades.",La Iglesia católica en México presiona para exigir al Gobierno un cese a la ola de violencia,https://elpais.com/mexico/2022-07-10/la-iglesia-catolica-en-mexico-presiona-para-exigir-al-gobierno-un-cese-a-la-ola-de-violencia.html,elpais.csv,elpais.com,9,47
ee9a2b8f9eeb39fe8a6b8409ec086f85,"La tradición japonesa impone que el cortejo fúnebre de quien acaba de morir recorra en la muerte los lugares que fueron importantes para el fallecido en vida. Shinzo Abe, de 67 años, ocupó el corazón del poder en Japón. Este martes, el coche fúnebre del ex primer ministro, asesinado el pasado viernes, recorrió varios de los templos de ese poder: la sede de la primatura, el Parlamento y el cuartel general de su formación política, el Partido Liberal Democrático (PLD). Lo hizo en medio de un gentío apesadumbrado que llenó las calles de Tokio por las que debía pasar la comitiva con sus restos. Murió como un héroe, musitó una anciana que miraba el paso de la caravana con los ojos llenos de lágrimas. Antes de recorrer la capital japonesa, el templo de Zozoji, un lugar emblemático del siglo XVI, había albergado un funeral anunciado como privado pero que adquirió el tono de una despedida oficial, un funeral de Estado en realidad pospuesto para una fecha aún sin concretar.",Miles de japoneses despiden a Shinzo Abe tras un funeral privado con aires solemnes ,https://elpais.com/internacional/2022-07-12/miles-de-japoneses-despiden-a-shinzo-abe-tras-un-funeral-privado-con-aires-solemnes.html,elpais.csv,elpais.com,10,86
5fd31030d5473be2fbeea349617d3c24,"One of the first decisions that US President Joe Biden made after arriving at the White House was to include Venezuelan migrants under the governments Temporary Protected Status (TPS), a designation that is now being extended for another 18 months. After careful consideration, and in consultation with the secretary of state, today I am extending that designation, said Secretary of Homeland Security Alejandro N. Mayorkas in a statement Monday.",US extends protected status to Venezuelan migrants,https://english.elpais.com/usa/2022-07-12/us-extends-protected-status-to-venezuelan-migrants.html,elpais.csv,english.elpais.com,7,63
45fb65a6d7c0395cb343897b5ec234d8,"El miércoles por la tarde, en las oficinas de Jean Paul Gaultier en la rue Saint Martin de París, se vivió uno esos cada vez más escasos momentos memorables sobre una pasarela. Desde fuera y a grandes rasgos, la estética sensual y maximalista de Olivier Rousteing en Balmain y la teatralidad del archivo visual de Gaultier tienen poco que ver. Por eso al principio costaba entender por qué lo elegía para su tercera colaboración en alta costura: los básicos desestructurados de la japonesa Chitose Abe (Sacai) formaban parte del armario personal del diseñador; y Glenn Martens, el belga a cargo de Y Project y de Diesel, se formó durante años a sus órdenes. Pero, ¿Rousteing?",El espectáculo (teatral) debe continuar en la alta costura de París,https://elpais.com/estilo/2022-07-07/el-espectaculo-teatral-debe-continuar-en-la-alta-costura-de-paris.html,elpais.csv,elpais.com,7,58
4a22af7eaa78e7c7209e05e7e305fb79,"Quien diga que no le importa la edad, miente. Claro que me gustaría ser joven para siempre. Así de claro lo decía Sofia Vergara a este periódico hace unos años. Da igual la fuerza que tenga esta colombiana nacida el 10 de julio de 1972: la actriz y modelo no ha conseguido detener el reloj de los años. Los 50 están ya aquí. Lo que sí ha frenado la latina más poderosa de Hollywood y una de las estrellas mejor pagadas de la industria son las inevitables huellas del paso del tiempo. Buena prueba de ello está en su cuenta de Instagram, desde donde Vergara regala al mundo numerosos posados veraniegos. Vale, ahora con un bañador blanco de una pieza en lugar de los biquinis que acostumbraba a llevar en los noventa. Pero el mismo cuerpo, el mismo tono y, sobre todo, el mismo humor. Porque si hay alguna manera de entender el inusual poderío de la intérprete de Modern Family es precisamente su humor, ese que utiliza para decir las cosas claras como siempre lo hizo su personaje como Gloria Delgado, la nota de color de la familia Pritchett.","Los 50 años de Sofia Vergara, la mujer que permitió que la encasillasen para convertirse en la actriz mejor pagada de la televisión",https://elpais.com/gente/2022-07-10/los-50-anos-de-sofia-vergara-la-mujer-que-permitio-que-la-encasillasen-para-convertirse-en-la-actriz-mejor-pagada-de-la-television.html,elpais.csv,elpais.com,11,92
d38783342bbe83b789efa56af4410d1e,"On a rainy spring evening in 2016, Russian tech tycoons and politicians sat down for a three-course dinner at the Moscow City Golf Club, an exclusive meeting place near the Moskva River. The man of the hour was Travis Kalanick. Hoping to expand Ubers business in Russia, the companys chief executive chatted up dinner guests about big data, artificial intelligence and other things tech.",Uber forged deals with top Putin allies in failed bid to break into Russian market,https://english.elpais.com/international/2022-07-11/uber-forged-deals-with-top-putin-allies-in-failed-bid-to-break-into-russian-market.html,elpais.csv,english.elpais.com,15,58
7368c2f872263c47cb1cd25ae72adb72,"Medio millón de personas vieron la retransmisión del Orgullo en Televisión Española, la primera emitida por la casa, conducida por Boris Izaguirre y María del Monte. Una retransmisión de lujo que demostró el poderío de las coberturas en directo que sigue ostentando la televisión generalista, por mucho que algunos la den por muerta. Quienes tratan de aplicarle a la televisión pública los estándares de la televisión privada consideran el programa un fracaso por su baja audiencia. Los demás sabemos que, igual que el necio de Machado confunde valor y precio, en la tele pública no hay que confundir importancia con audiencia. Por las pantallas primero de La 1 y después de La 2 desfilaron políticos, miembros de asociaciones, niños y adultos, caras conocidas y ciudadanos de a pie. El calco de la manifestación festiva, alegre y para todos los públicos que es el Orgullo.","Disculpen a Almeida, quizá estaba viendo el Orgullo por la tele",https://elpais.com/television/2022-07-12/disculpen-a-almeida-quiza-estaba-viendo-el-orgullo-por-la-tele.html,elpais.csv,elpais.com,6,72
0f2b112525d40517fed86cbb10f263d0,"The automaker Volkswagen AG is going to pay a hefty bill after a cargo ship carrying thousands of luxury vehicles caught fire near Portugals Azores Islands, in the Atlantic Ocean, last week.",Blaze on ship carrying Porsches and Bentleys could cost Volkswagen $155 million,https://english.elpais.com/international/2022-02-23/blaze-on-ship-carrying-luxury-cars-could-cost-volkswagen-155-million.html,elpais.csv,english.elpais.com,11,29
b46c3eac0abf95be2fa323802dc8c2e3,"Las acusaciones de complicidad con el narcotráfico de políticos del oficialismo y la oposición sobrevuelan Bolivia desde hace semanas. En lo que es ya el peor episodio de narcotización de la política del país andino desde fines de los años noventa. El tema se volvió más impactante tras dos asesinatos grupales que fueron atribuidos al narcotráfico. Están en marcha varias investigaciones oficiales, pero el escepticismo reina entre los partidos políticos opositores.",La política boliviana se narcotiza con acusaciones en todas las direcciones,https://elpais.com/internacional/2022-07-12/la-politica-boliviana-se-narcotiza-con-acusaciones-en-todas-las-direcciones.html,elpais.csv,elpais.com,5,36
74cf4f1e9a8847f0732268a71299f30f,"El senador del PRI Miguel Ángel Osorio Chong ha desafiado al presidente nacional de su partido, Alejandro Moreno. Lo emplaza a renunciar a la dirigencia priista luego de las derrotas del 5 de junio y de los audios filtrados en donde se presumen actos indebidos del campechano. En La Vespertina ambos dan sus argumentos y hablan de la viabilidad del histórico partido.",Choque en el PRI entre Miguel Ángel Osorio Chong y Alejandro Moreno,https://elpais.com/mexico/2022-06-29/choque-en-el-pri-entre-miguel-angel-osorio-chong-y-alejandro-moreno.html,elpais.csv,elpais.com,8,33
fe9bce2855859ee7d5c044682cbc4e1b,"La seguridad vial se enfrenta en España a un nuevo escenario. Los delitos de tráfico aumentaron durante 2021, pese a que la siniestralidad y la movilidad se redujeron, según ha explicado la Fiscalía este martes. En pleno verano, cuando los conductores se multiplican por las vacaciones, el ministerio público ha lanzado un mensaje de precaución y ha mostrado su preocupación por unos datos que evidencian cómo la delincuencia vial creció el pasado año, cuando se dictaron 94.942 condenas un 42% más que en 2020, y un 17% más que en 2019. Luis del Río, fiscal jefe responsable de esta área, ha explicado que la sociedad se enfrente a una especie de efecto rebote tras la pandemia.",Los delitos de tráfico aumentan pese al descenso de la movilidad y de los muertos en carretera,https://elpais.com/espana/2022-07-12/los-delitos-de-trafico-aumentan-pese-al-descenso-de-la-movilidad-y-de-los-muertos-en-carretera.html,elpais.csv,elpais.com,8,49
ebe987efcfcb63d2edb7c5eec73f7ada,"En medio de un complejo panorama económico en Chile, con la mayor inflación de los últimos 28 años y el riesgo de recesión en 2023, el Gobierno de Gabriel Boric anunció el lunes un paquete de medidas para ayudar a parte de la población a sortear el alza del costo de la vida. A cuatro meses de iniciar su mandato, con un 60% de rechazo de acuerdo a la encuesta de Pulso Ciudadano dada conocer el domingo y a semanas del plebiscito constitucional del 4 de septiembre que ha aumentado la incertidumbre, según reconoció el mismo presidente, el Ejecutivo chileno anunció un bono de invierno de unos 120 dólares para 7,5 millones de personas, las más vulnerables del país (Chile tiene una población de 19 millones).","Boric anuncia una ayuda de 120 dólares para 7,5 millones de personas en medio de la crisis inflacionaria",https://elpais.com/chile/2022-07-12/boric-anuncia-una-ayuda-de-120-dolares-para-75-millones-de-personas-en-medio-de-la-crisis-inflacionaria.html,elpais.csv,elpais.com,9,59
65d86a7f3c9fbb07326f8c553dcccabf,"El Pentágono ha confirmado este martes la muerte del líder del autoproclamado Estado Islámico (ISIS, por sus siglas en inglés) en Siria como consecuencia de un ataque con dron cerca de Afrin, en el noroeste del país. Uno de sus lugartenientes ha resultado gravemente herido. Ambos fueron alcanzados mientras se desplazaban en una motocicleta. Maher al Aqal, uno de los cinco jefes supremos del grupo yihadista, era considerado responsable de desarrollar la red del Estado Islámico (ISIS, en sus siglas inglesas) fuera de Siria e Irak, donde la hidra terrorista se hizo fuerte en 2014.",EE UU mata al líder del ISIS en Siria en un ataque con dron,https://elpais.com/internacional/2022-07-12/ee-uu-mata-al-lider-del-isis-en-siria-en-un-ataque-con-dron.html,elpais.csv,elpais.com,8,48
bad19513cf9d4988c8e8e6450faa643a,"La persona detrás de Uber Files ha decidido hablar públicamente. En una entrevista exclusiva con The Guardian, compartida con los medios del Consorcio Internacional de Periodista de Investigación (ICIJ), EL PAÍS entre ellos, Mark MacGann revela ser el informante que filtró más de 124.000 archivos internos de la compañía.","El informante de Uber Files: La empresa estaba dispuesta a romper todas las normas, a usar todo su dinero y su poder para impactar ",https://elpais.com/economia/2022-07-11/el-informante-de-uber-files-la-empresa-estaba-dispuesta-a-romper-todas-las-normas-a-usar-todo-su-dinero-y-su-poder-para-impactar.html,elpais.csv,elpais.com,9,28
040a13edaf4bf2d71253786f55934bce,"El Tribunal Constitucional sigue resolviendo asuntos relacionados con el procés, aunque ya rechazó todos los recursos de los líderes independentistas contra la sentencia que dictó el Supremo condenándolos por sedición y a algunos de ellos también por malversación. Lo que afronta ahora el tribunal es otro tipo de impugnaciones, sobre todo en materia parlamentaria. Una de ellas se ha resuelto este martes: el tribunal ha estimado el recurso que presentó Ciudadanos contra la decisión de la Mesa del Parlamento catalán, que en 2018 permitió delegar el voto a seis líderes del procés que en ese momento estaban procesados por rebelión y en prisión preventiva (salvo Carles Puigdemont, que estaba huido).",El Constitucional avala que los acusados del procés no pudieran delegar su voto parlamentario,https://elpais.com/espana/2022-07-12/el-constitucional-avala-que-los-acusados-del-proces-no-pudieran-delegar-su-voto-parlamentario.html,elpais.csv,elpais.com,7,51
378937b4d6a8ee1d0c2517f83acbf9a9,"Argentina atraviesa una grave crisis económica. Es crónica, precede al actual Gobierno y también al anterior. La economía es el mal que agobia a los argentinos, acostumbrados a vivir pequeños periodos de prosperidad seguidos de dolorosas caídas. Superar el bucle requiere de grandes acuerdos políticos, donde todos los sectores estén dispuestos a poner algo de su parte. El presidente, Alberto Fernández, ha dilapidado en poco más de dos años todo su capital político en pelear con su vicepresidenta, Cristina Fernández de Kirchner. ",Pragmatismo en Argentina,https://elpais.com/opinion/2022-07-12/pragmatismo-en-argentina.html,elpais.csv,elpais.com,2,45
f4084ef9f39b867ce0418f4b8dd57190,"La escena quizá más elocuente de Thor: Love and Thunder, cuarta aventura del superhéroe de Marvel Studios encarnado por Chris Hemsworth, es aquella poscréditos en la que Zeus (Russell Crowe) lamenta que los seres humanos ya no pidan ayuda para resolver sus problemas a dioses como él, sino a los superhéroes. El director y guionista del filme, Taika Waititi, explicita así con palabras lo que Zack Snyder había sabido decir con imágenes en su versión de La Liga de la Justicia (2021) y lo que el comic book ha planteado desde sus inicios como formato con total naturalidad. A saber, que los panteones superheroicos debidos a compañías multimedia como Marvel y DC han sabido reemplazar los mitos clásicos y su importancia para comprender qué papel jugamos los seres humanos en el cosmos.",Cómo el cine transformó a las diosas mitológicas en superheroínas,https://elpais.com/babelia/2022-07-12/el-cine-quiere-transformar-a-las-diosas-mitologicas-en-superheroinas.html,elpais.csv,elpais.com,6,72
13f40f0d298e818be00accf2fcb05ebb,"Do you feel that you are a person with a lot of power? I feel like I have a big responsibility. Thats an honor and a privilege, but at the same time I feel like I owe people something. Before being chairman and CEO of JPMorgan Chase, I am a patriot and I want my country, the United States, to do well. I spend a lot of time thinking about how I can help the Western world.","Jamie Dimon, the worlds most powerful banker: Things can get much worse. We are facing very serious problems",https://english.elpais.com/economy-and-business/2022-07-11/jamie-dimon-the-worlds-most-powerful-banker-things-can-get-much-worse-we-are-facing-very-serious-problems.html,elpais.csv,english.elpais.com,15,67
6c5bd21b5bf781632cf4f0ccce0bc83f,"Cristiano Ronaldo no se presentó a los primeros entrenamientos del Manchester United y no ha viajado a Tailandia para comenzar la pretemporada. Quiere abandonar el club, aunque no lo ha dicho públicamente. A Cristiano le queda un año de contrato con el United, donde percibe 450.000 libras por semana, sueldo que se reducirá un 25% esta temporada porque el United no disputará la Liga de Campeones.",Las tribulaciones de Cristiano Ronaldo pasan por Qatar  ,https://elpais.com/deportes/2022-07-12/las-tribulaciones-de-cristiano-ronaldo-pasan-por-qatar.html,elpais.csv,elpais.com,5,32
27e5c121b7e4d7bbbd95080324f548f0,"Mientras en Colombia un viaje de 300 kilómetros por carretera tarda alrededor de siete horas, en España ese mismo recorrido tomaría menos de la mitad. La última medición del Fondo Monetario Internacional (FMI) muestra dónde están las carreteras más rápidas y lentas del mundo. Estas últimas están en los países más pobres como, por ejemplo, Colombia, Bolivia y Ecuador. Las más rápidas están, entre otros, en Estados Unidos, Canadá, Australia y Francia.","Las carreteras de Colombia, entre las más lentas del mundo por la corrupción y las construcciones de mala calidad",https://elpais.com/america-colombia/2022-07-12/las-carreteras-de-colombia-entre-las-mas-lentas-del-mundo-por-la-corrupcion-y-las-construcciones-de-mala-calidad.html,elpais.csv,elpais.com,8,39
a330e38b8b59b79fb55b8236e61af396,"Boris Johnson está dispuesto a llevar hasta el final su particular modo de gobernar, aunque sea sobre la debilidad del cargo de primer ministro en funciones. En contra de la tradición parlamentaria, Downing Street ha rechazado dar luz verde a la moción de censura planteada por la oposición. El Partido Laborista del Reino Unido había registrado este martes en la Cámara de los Comunes una moción de censura (voto de no confianza, en la terminología parlamentaria británica) contra el Gobierno de Boris Johnson, con la intención de que fuera sometida a votación el miércoles. Al contrario de lo que ocurre en España, es prerrogativa del Ejecutivo ordenar la agenda de la Cámara de los Comunes, y dar luz verde, en este caso, a una iniciativa así de la oposición. El precedente histórico imponía hasta ahora que siempre saliera adelante.",Boris Johnson bloquea la moción de censura presentada por la oposición laborista ,https://elpais.com/internacional/2022-07-12/la-oposicion-laborista-presenta-una-mocion-de-censura-para-echar-a-boris-johnson-de-downing-street.html,elpais.csv,elpais.com,8,71
b3b9b0cf4bb9e69da8fe2e1fdd85854b,"Es un tesoro, aún muy desconocido y a veces molesto. La posidonia oceánica, especie endémica del Mediterráneo, limpia las aguas, libera oxígeno y atrapa CO2, más que un bosque tropical. Es una planta subacuática, no una alga, como piensan muchos bañistas que abominan de ella cuando sus restos se acumula en las playas, donde ayuda a fijar la arena y a combatir los temporales. La Comunidad Valenciana tiene la mayor extensión de posidonia en España (se calcula que ocupa unas 30.000 hectáreas), después de las Islas Baleares (unas 55.000 hectáreas). Las praderas en torno a Ibiza y hasta Formentera fueron declaradas Patrimonio de la Humanidad por la Unesco en 1999.",En la lancha de los vigilantes del pulmón del Mediterráneo: Está usted sobre una pradera de posidonia ,https://elpais.com/espana/comunidad-valenciana/2022-07-10/en-la-lancha-de-los-vigilantes-del-pulmon-del-mediterraneo-esta-usted-sobre-una-pradera-de-posidonia.html,elpais.csv,elpais.com,6,54
79111f390de9066032421c456a8f4eb7,"En 1995, Justin Pierce patinaba por las calles de Manhattan con sus dos únicas preocupaciones diarias: encontrar un lugar para dormir y algo para comer. Un año después, recogió el Independent Spirit Award al mejor debut interpretativo. Y cinco años más tarde lo encontraron colgado en el hotel Bellagio de Las Vegas. Una ruta igual de desafortunada siguió Harold Hunter. A los 20 años era el líder de los patinadores de Washington Square, el que decidía quién entraba o no en la pandilla, el alcalde de los skaters y un apóstol contra el consumo de alcohol y de drogas. La mitad de su familia había sido víctima de la epidemia de crack que había devastado la ciudad en los ochenta y él aspiraba a una vida mejor, lejos de las viviendas sociales. Poco después se codeaba con Leonardo DiCaprio. Y a los 32 años fallecía de un ataque al corazón provocado por una sobredosis de cocaína. Él había sido quien había facilitado la entrada a la pandilla a un chico pálido y enclenque que vivía con su abuela, un alumno de la escuela de cine de Nueva York llamado Harmony Korine que patinaba poco, pero observaba mucho. Lo que sucedió después fue Kids (Larry Clark, 1995), historia del cine independiente.",Lo dieron todo y no tuvieron a nadie: el documental que desvela la cara más oscura de Kids,https://elpais.com/icon/2022-07-12/lo-dieron-todo-y-no-tuvieron-a-nadie-el-documental-que-desvela-la-cara-mas-oscura-de-kids.html,elpais.csv,elpais.com,5,103
0bbfc2cadb7c90df5d69170966e3e605,"Las presidenciales de Brasil se van acercando y el radical de extrema derecha Jair Bolsonaro se enreda cada día en una serie de trapacerías violentas para no dejar el poder, y menos en manos de Lula, a quien los bolsonaristas ven como la imagen del demonio. Y lo más grave es que como destaca el diario Folha de São Paulo, la estrategia del Gobierno para no salir del poder empieza a teñirse de tensión y de violencia.",Las artimañas violentas de Bolsonaro para no dejar volver a Lula,https://elpais.com/opinion/2022-07-12/las-artimanas-violentas-de-bolsonaro-para-no-dejar-volver-a-lula.html,elpais.csv,elpais.com,6,38
cd5d320663e2acb093fd1b7cf5a44dcb,"Jürgen Habermas, considerado el mayor filósofo político de Europa, ha escrito un texto sobre su principal crisis actual, la guerra de Ucrania. Su tesis es que la historia recomienda la Besonnenheit (sensatez) alemana, que en la práctica se ha plasmado en mucho hablar y poco actuar durante los cuatro primeros meses del conflicto más importante que vive Europa desde 1945.","Alemanes, no tomar partido por Ucrania es ser parte. La respuesta del historiador Timothy Snyder a Jürgen Habermas",https://elpais.com/ideas/2022-07-10/alemanes-no-tomar-partido-por-ucrania-es-ser-parte-la-respuesta-de-un-historiador-a-jurgen-habermas.html,elpais.csv,elpais.com,12,31
8715ee9831f0b8e3ebd8060362519fd4,"¿Siente que es una persona con mucho poder? Siento que tengo una gran responsabilidad. Eso es un honor y un privilegio, pero al mismo tiempo siento que le debo algo a la gente. Antes que presidente y consejero delegado de JPMorgan Chase soy un patriota y quiero que a mi país, Estados Unidos, le vaya bien. Dedico mucho tiempo a pensar cómo puedo ayudar al mundo occidental.","Jamie Dimon, el banquero más poderoso del mundo: Los problemas económicos no son pasajeros. Las cosas pueden ir mucho peor",https://elpais.com/economia/negocios/2022-07-09/jamie-dimon-el-banquero-mas-poderoso-del-mundo-los-problemas-economicos-no-son-pasajeros-las-cosas-pueden-ir-mucho-peor.html,elpais.csv,elpais.com,11,29
b3a81817291e128eba38b3c88de3431b,"Experts believe that within a decade brain implants and sensors will be commonplace. Neurotechnology  the field that develops tools to interact directly with the nervous system  makes incredible promises and causes understandable misgivings. Its advance is unstoppable and it is nurtured with billions of dollars from investors such as Tesla founder Elon Musk and Facebook. But neuroscience is so complex it must move in very small steps towards that future. Now there is a new focus that could prove to be of huge benefit to this path: an artificial simulation of a neuronal connection made of organic material, which will allow for a better connection with living cells.",New advance in brain-machine interfaces: Artificial neurons command Venus flytrap to snap shut,https://english.elpais.com/science-tech/2022-02-24/new-advance-in-brain-machine-interfaces-artificial-neurons-command-venus-flytrap-to-snap-shut.html,elpais.csv,english.elpais.com,12,104
9a60124596842f054cff95d8630107bd,"Los hologramas, los cada vez más perfeccionados deepfake (alteraciones de la realidad realizada gracias a la inteligencia artificial) y la realidad aumentada están resucitando a los muertos. Con motivo de su 40 cumpleaños, Kanye West le regaló a su por entonces pareja, Kim Kardashian, un holograma de su difunto padre, Robert Karda­shian, en el que este la felicitaba y le decía lo orgulloso que estaba de la familia que había formado. Y es que, desde que en 2012 se reviviera mediante un holograma a Tupac Shakur para hacer un histórico dueto con Snoop Dogg en Coachella, son muchas las celebridades que han vuelto a la vida mediante hologramas, entre ellas Amy Winehouse, Whitney Houston, Michael Jackson e incluso Ronald Rea­gan. Una ilusión que puede llegar a costar 400.000 dólares (unos 379.000 euros).",Maneras de vivir después de muerto,https://elpais.com/ideas/2022-07-08/maneras-de-vivir-despues-de-muerto.html,elpais.csv,elpais.com,4,64
43b44f67d1c8db3d9008a82b6ceead1a,"La violencia política desatada por el Gobierno cubano contra las manifestaciones que estallaron el pasado verano en varias ciudades de la isla dejó violaciones sistemáticas a los derechos humanos, denuncia Human Rights Watch en un informe hecho público este lunes. El organismo advierte de que durante la represión de las protestas, el régimen de La Habana cometió intimidaciones, detenciones arbitrarias, procesos penales abusivos, juicios sumarios, golpizas y tortura. La represión del régimen, así como su ostensible falta de interés por abordar las causas subyacentes que llevaron a muchos cubanos a las calles, han forzado a miles de personas a abandonar el país, alerta HRW. Hasta mayo pasado, según datos del Gobierno estadounidense, la Patrulla Fronteriza detuvo a más de 118.000 ciudadanos cubanos, lo que representa un aumento drástico en comparación con las 17.000 personas detenidas en el mismo período de 2021.",Human Rights Watch denuncia violaciones sistemáticas a los derechos humanos durante la represión de las protestas en Cuba,https://elpais.com/internacional/2022-07-11/human-rights-watch-denuncia-violaciones-sistematicas-a-los-derechos-humanos-durante-la-represion-de-las-protestas-en-cuba.html,elpais.csv,elpais.com,11,77
1f8d5686918d9475b8597bf2456d6309,"Los seguidores de Christina Rosenvinge están de enhorabuena: los productores de Safo le han confeccionado a la cantautora madrileña un concierto dramatizado a su medida. María Folguera, coautora del espectáculo musical estrenado esta semana en el Festival de Teatro Clásico de Mérida, entrelaza los versos de la poetisa de Mitilene musicalizados por Rosenvinge con una serie de escenas corales, soliloquios y dúos en los cuales la protagonista habla de sus anhelos, dialoga con sus amadas e ironiza sobre la versión que de su vida ofreció Ovidio. Marta Pazos, autora de la puesta en escena, ha trenzado un montaje colorista, en el que la iluminación solar de Nuno Meira y el vestuario de Pier Paolo Álvaro hablan a veces más alto que el texto.",La Safo de Christina Rosenvinge no convence,https://elpais.com/babelia/2022-07-09/la-safo-de-christina-rosevinge-se-queda-en-tierra-de-nadie.html,elpais.csv,elpais.com,3,65
83b20f64fc387b1a8099e98ff0d1a80e,"El sol de la mañana baña un campo de Ibiza alejado de la costa. Las cabras pastan, la particular luz balear pasa entre los olivos. Róisín Murphy (Arklow, Irlanda, 48 años) se ha construido un nido en lo más profundo de la isla. Por alguna razón, Murphy e Ibiza encajan. No deben quedar muchas discotecas en que no hayan defendido los éxitos de la cantante, y el ambiente general es propicio para el trabajo creativo que, al fin y al cabo, es lo suyo. Al principio no me convencía la idea de venir aquí, admite, con marcado acento irlandés.",Róisín Murphy: Los gays entienden la opresión de las mujeres. No se detienen ante nada,https://elpais.com/icon/2022-07-09/roisin-murphy-los-gays-entienden-la-opresion-de-las-mujeres-no-se-detienen-ante-nada.html,elpais.csv,elpais.com,7,50
11272e37d487fc733acc65f291de83e8,"Después de los memes, las bromas y los cambios de opinión, ha llegado la hora de los abogados. El futuro del culebrón de la compra de Twitter por Elon Musk está en un tribunal de Delaware. La ruptura de la operación por parte de Musk abre una de los casos judiciales más importantes de la historia corporativa en EE UU. Allí se producirá el desenlace de una de las operaciones que más tinta se ha dejado este 2022. Este domingo, la tecnológica calificó en una carta como inválida e injusta la decisión de Musk de no continuar con su oferta de compra de la red social por 44.000 millones de dólares. Esto constituye el repudio de sus obligaciones en el acuerdo, considera William Savitt, uno de los letrados contratados por Twitter, en el documento enviado a la Securities and Exchange Comission (SEC), el regulador bursátil estadounidense, y que se publicó ayer lunes.",Twitter califica de inválida e injusta la renuncia de Elon Musk a comprarla ,https://elpais.com/economia/2022-07-12/twitter-califica-de-invalida-e-injusta-la-renuncia-de-elon-musk-a-comprarla.html,elpais.csv,elpais.com,6,69
6fab047cd49cd04fda988a9a5106bf43,"Al igual que los días de San Juan, en el planeta prenden infinidad de hogueras. Cada una emite un calor propio, pero juntas son devastadoras. No es solo la guerra en Ucrania. Es la inflación, la ruptura de la cadena de suministros, la subida de las materias primas, la desigualdad, las pandemias, la inestabilidad financiera, la emergencia climática Y los seguros comparten todas las llamas. Llegan tiempos complicados para este mercado, asegura un experto bajo la condición del anonimato. Otro, en idénticas circunstancias, prevé que se va a endurecer. Y si el término riesgo es sinónimo de peligro, las primas subirán. Antes de que el horror invadiera Europa, la naturaleza advirtió otro. Las tormentas en Estados Unidos durante 2021 costaron al sector 60.000 millones de dólares (55.900 millones de euros al cambio actual); las inundaciones en Alemania, unos 9.000 millones, y China se dejó cerca de 2.000 millones de dólares. A la Europa de los Veintisiete, el clima extremo entre 1980 y 2020 le ha supuesto 487.000 millones de euros. Cerca de 12.000 millones al año. España paga, sostiene la Agencia Europea de Medio Ambiente, un peaje de 60.976 millones. El año pasado recuerda Santiago Arechaga, consejero delegado en España y Portugal de Swiss Re fue el cuarto más caro en términos de catástrofes naturales. Sin embargo, como reaseguradora, las crisis y las catástrofes forman parte de nuestro modelo de negocio, afirma.",Primas más altas para asegurar un mundo enloquecido,https://elpais.com/economia/negocios/2022-07-12/primas-mas-altas-para-asegurar-un-mundo-enloquecido.html,elpais.csv,elpais.com,5,116
51d673942849999b18f551798ec3abae,"Alejada de los clásicos ambientes gélidos, oscuros y solitarios de la novela negra escandinava, Antes de que lleguen las nubes (Maeva) es una historia con un contexto inusual. La periodista sueca Mari Jungstedt (Estocolomo, 1962) ha trasladado a sus personajes a un entorno donde no hay nieve, pero sí clases de flamenco, pescaíto frito y pueblos blancos. La autora de best sellers ha dejado atrás la fría isla de Gotland, al sureste de Suecia, donde se desarrollan hasta 16 de sus trabajos anteriores para que sus nuevos protagonistas saboreen la playa malagueña y el sol andaluz. Es que esta zona me gusta muchísimo, explica sonriente Jungstedt, que ha vendido más de 6,5 millones de ejemplares de sus libros, traducidos a 20 idiomas, y que este lunes llegó a Málaga para promocionar la publicación en castellano de la obra. Es la primera de una serie que espera alargar tanto como la de Gotland, que le ha convertido en una de las autoras más vendida en su país.",Antes de que lleguen las nubes: una novela negra nórdica con flamenco y pescaíto frito,https://elpais.com/cultura/2022-07-12/antes-de-que-lleguen-las-nubes-una-novela-negra-nordica-con-flamenco-y-pescaito-frito.html,elpais.csv,elpais.com,6,77
d78c389a579c19e238f77ffb462596eb,"Breitbart News fue una pieza clave de la maquinaria de desinformación que llevó a Donald Trump al Despacho Oval. El medio ultraderechista fundado por Steve Bannon, asesor estrella de Trump en su carrera presidencial y más tarde estratega jefe de la Casa Blanca hasta su despido en 2017, diseminó ataques antisemitas contra sus rivales, dio alas al proyecto del muro de México y quitó hierro a las manifestaciones nacionalistas blancas del movimiento MAGA (acrónimo de Make America Great Again) y a su carácter homófobo.",Las activistas que dejaron sin anuncios a la web de Steve Bannon van ahora a por Fox News,https://elpais.com/tecnologia/2022-07-09/las-activistas-que-dejaron-sin-anuncios-a-la-web-de-steve-bannon-van-ahora-a-por-fox-news.html,elpais.csv,elpais.com,10,50
c1c7093d0616fd1864c45069e69084f3,"Básicamente, Uber llega y luego empieza la tormenta de mierda legal y legislativa. Es julio de 2014 y varios directivos de Uber discuten en una cadena de correos cómo enfrentarse a las protestas de los taxistas de medio mundo ante su llegada. Su app permite pedir un conductor privado y sin licencia, algo que rompe con las normas de todos los mercados. No, no hay ejemplos, no hay investigación, no nos paramos a entender el marco legal, siguen los mensajes. A veces tenemos problemas porque, bueno, es que somos jodidamente ilegales, resumirá otra directiva a final de ese año, en el que Uber desembarcó en 31 países. De nada sirve prepararse ni estudiar la normativa: hay que abrazar el caos, apunta otra ejecutiva de la empresa en ese mismo periodo. En los mercados más complicados, como España o Italia, la estrategia a seguir es clara: desarrollar tácticas para enfrentarse a las autoridades.",Documentos secretos desvelan las estrategias de Uber para implantarse en decenas de países: A veces hay problemas porque somos jodidamente ilegales,https://elpais.com/economia/2022-07-10/documentos-secretos-desvelan-las-estrategias-de-uber-para-implantarse-en-decenas-de-paises-a-veces-hay-problemas-porque-somos-jodidamente-ilegales.html,elpais.csv,elpais.com,11,66
efb0f7fcf8b2808e6722c4f403c38863,"Las placas solares colonizan los tejados a un ritmo frenético en tres años se han triplicado las nuevas instalaciones en España y llegan a cada vez más industrias, viviendas y comercios, pero todavía es muy raro verlas en pisos. De hecho, ni siquiera hay datos específicos. El desconocimiento sobre el autoconsumo colectivo lastra el desarrollo de un sector fundamental en un país donde el 65% de la población vive en bloques (según el centro de estudios Funcas). Poca gente conoce que solo necesita el permiso de un tercio de sus vecinos para instalar placas en el tejado común (siempre que no se obligue a pagar a quienes no las usen), que el montaje se abarata mucho si participan varios residentes y que hay subvenciones para este tipo de redes. Algunas comunidades de vecinos adelantan el bum de esta modalidad que vivirá un espaldarazo a final de año cuando un barrio de Rivas Vaciamadrid de más de 900 familias se sume a esta iniciativa.",Si convence a un tercio de sus vecinos puede poner placas solares en la azotea: El autoconsumo colectivo es imparable,https://elpais.com/clima-y-medio-ambiente/2022-07-11/si-convence-a-un-tercio-de-sus-vecinos-puede-poner-placas-solares-en-la-azotea-el-autoconsumo-colectivo-es-imparable.html,elpais.csv,elpais.com,11,80
b00434cb08a693817314ee5c6d628468,"La dirección del aeropuerto de Heathrow, el de mayor tráfico de Londres, ha decidido limitar a 100.000 el número diario de pasajeros que emprendan viaje desde sus instalaciones. La restricción entrará en vigor desde este martes, 12 de julio, hasta el próximo 11 de septiembre. Junto a una medida tan drástica, se ha solicitado además a las líneas aéreas que reduzcan la venta de billetes, y de vuelos. Desde que concluyó la pandemia, el sector aéreo se ha visto desbordado para atender la creciente demanda de turismo. Los niveles han regresado a la situación pre confinamiento, pero cientos de miles de empleados del sector perdieron sus puestos de trabajo. Muchos de ellos han rechazado regresar, y las carencias en personal de mantenimiento, logística y seguridad de muchos aeropuertos británicos han dejado en tierra, durante las últimas semanas, muchos vuelos programados.",El aeropuerto londinense de Heathrow restringe el número de vuelos hasta septiembre ,https://elpais.com/economia/2022-07-12/el-aeropuerto-londinense-de-heathrow-restringe-el-numero-de-vuelos-hasta-septiembre.html,elpais.csv,elpais.com,7,70
8b249915156b1cdc80dd9953bd90dd5e,"Nuestra estructura del impuesto de sociedades es, en términos puramente políticos europeos, el talón de Aquiles de la empresa, escribió Mark MacGann, el principal lobista de Uber en Europa, al jefe del departamento fiscal de la empresa a principios de 2015. En aquel momento, los reguladores europeos estrechaban el cerco sobre Apple, Amazon y Google, acusando a los titanes tecnológicos estadounidenses de competencia desleal y abuso de acuerdos fiscales ventajosos.",Uber intentó recaudar impuestos de sus conductores mientras desviaba millones de euros a sociedades opacas,https://elpais.com/economia/2022-07-12/uber-intento-escudarse-en-sus-conductores-mientras-evadia-decenas-de-millones-en-impuestos.html,elpais.csv,elpais.com,11,40
501f1dcb39a0455ab26e48e751bc9738,"En México las mujeres cumplen un papel determinante en la construcción de la llamada economía de los cuidados. Alejandra Haas, directora ejecutiva de la organización Oxfam México, asegura que por ese trabajo no remunerado las cuidadoras aportan cerca de 20 puntos porcentuales al Producto Interno Bruto del país, mientras que los hombres y el Estado cumplen un papel secundario e, incluso, están totalmente ausentes y dando por hecho que serán las mujeres quienes asuman esas tareas.",La economía de los cuidados en México: tarea femenina y ausencia del Estado,https://elpais.com/mexico/2022-07-05/la-economia-de-los-cuidados-en-mexico-tarea-femenina-y-ausencia-del-estado.html,elpais.csv,elpais.com,6,41
4daa54aba351294345c481871f90742f,"Si alguien dudaba de la calidad de las fotos que nos iba a ofrecer el telescopio espacial James Webb, basta con comparar la que presentó el lunes el presidente de EE UU, Joe Biden, con otra de la misma zona del firmamento obtenida hace años por el Hubble.",No son estrellas sino galaxias: guía rápida de la primera foto del telescopio James Webb,https://elpais.com/ciencia/2022-07-12/no-son-estrellas-sino-galaxias-guia-rapida-de-la-primera-foto-del-telescopio-james-webb.html,elpais.csv,elpais.com,8,27
3408f0b783fd64f8f892783cace33f8c,"Hasta hace cosa de un mes, cada vez que me distraía y reparaba en ello me castigaba a mí mismo. Consciente de mi talento para huir, a las primeras de cambio, de la página en la que estaba trabajando incitado por cualquier cosa, un ruido de la calle, un recuerdo del futuro, una llamada imaginaria en el móvil apagado, me dedicaba una buena cantidad de reproches: qué estás haciendo; qué manera de perder el tiempo; bravo, chaval, cada vez te desconcentras mejor Pero desde que cayó en mis manos y leí de un tirón el ensayo de la profesora italiana Alessandra Aloisi El poder de la distracción, estoy mucho más tranquilo y me distraigo sin culpa. Tampoco es que celebre cada uno de mis devaneos, pero de alguna manera he empezado a ver el lado positivo de ellos y ya no estoy de acuerdo con el matemático y filósofo del siglo XVII Blaise Pascal, que durante años me había caído estupendamente y creía que tenía razón al afirmar que todas las desgracias del ser humano vienen por su incapacidad de quedarse tranquilo en su habitación. Pascal llamaba a la distracción divertissement, pero no como el divertimento que conocemos, sino en su sentido etimológico, pues viene de divertere (mirar hacia otro lado, seguir otra dirección). Pascal no puede soportar que nos distraigamos. Según él, hay que pensar bien, pensar seriamente; o sea, reflexionar sobre la idea de Dios sin salir de casa y alcanzar un estado de serenidad y bienestar. Se atreve así a desmentir a Montaigne, para quien divertissement sí tiene que ver con el entretenimiento y es algo ético, que no afecta a valores trascendentales sobre lo bueno y lo malo. Montaigne, como siempre, nos libera, nos absuelve de ser criaturas frágiles y contradictorias, naturalmente llevadas a la dispersión y necesitadas de ella.","Perder el tiempo, ganar la vida: un elogio de la distracción",https://elpais.com/ideas/2022-07-12/perder-el-tiempo-ganar-la-vida-un-elogio-de-la-distraccion.html,elpais.csv,elpais.com,6,146
81d0177b15f82cd0be8df92684954e2e,"Hace 49 años el periodista Julio Scherer, encaramado en la parte posterior de un jeep, describió en el periódico Excélsior una escena ocurrida en las montañas de la provincia de Guangxi, en China. A bordo del vehículo iban Chou En-lai, el primer ministro de Mao Tse-tung y, a su lado, el presidente mexicano, Luis Echeverría. El automóvil reptaba los sinuosos caminos de terracería rumbo a Dazhai. Con la mirada fija en el precipicio, el mandatario mexicano, el primero en visitar el país asiático, dijo: Si tuviéramos un accidente, los que venimos con usted pasaríamos a la historia.","Luis Echeverría, el gran represor de México muere impune a los 100 años",https://elpais.com/mexico/2022-07-09/luis-echeverria-el-presidente-de-mexico-que-murio-impune.html,elpais.csv,elpais.com,8,51
f6837dd9542749cf4f3d63c88a60b6e1,"Pippa Middleton, de 38 años, y su esposo, James Matthews, de 46, han sido padres por tercera vez. La hermana menor de Kate Middleton dio a luz a una niña hace un par de semanas, según publica la revista People. De momento, el nombre de la bebé no ha transcendido.","Pippa Middleton da a luz a su tercer hijo, una niña",https://elpais.com/gente/2022-07-12/pippa-middleton-da-a-luz-a-su-tercer-hijo-una-nina.html,elpais.csv,elpais.com,7,28
0655b4fe18e62c2fe448880ada98cfd4,"Una de las paradojas filosóficas y teológicas más debatidas es el problema del mal. Si existe un Dios todopoderoso y bondadoso, ¿por qué existe la maldad? Se atribuye al filósofo empirista David Hume el argumento evidencial del problema del mal. Muy simplificado viene a decir que, si existe, implica que Dios no es bueno o que no es todopoderoso. Un contraargumento defendido por los filósofos teístas es el del libre albedrío: Dios es todopoderoso y bueno, pero su mejor criatura, el Homo sapiens sapiens, es capaz de tomar sus propias decisiones, y entre ellas está el mal, ya sea como pecado o como delito. Esta teoría podría servir para explicar el mal de origen social, infligido por otros seres humanos, aunque no sirve para explicar el mal natural, el que proviene de hechos que no tienen nada que ver con la acción humana. Muchos filósofos como Voltaire argumentaron que el terremoto de Lisboa, en el día de Todos los Santos de 1755, era un argumento en contra de la Divina Providencia y de la presunta benevolencia de Dios.",¿Dónde está exactamente el origen del mal?,https://elpais.com/eps/2022-07-07/donde-esta-exactamente-el-origen-del-mal.html,elpais.csv,elpais.com,3,85
a6ea91be7f2e8be8f9eb63ae5586e4a4,"El único mar que pudo ver Beethoven fue el que debió de atisbar en Roterdam, en el otoño de 1783, cuando tenía solo 12 años. No disfrutó nada en el viaje (se quejó amargamente del frío que pasó en el barco que les llevó a él y a su madre por el Rin desde Bonn) y tampoco se sintió a gusto, como le pasaría durante toda su vida, viviendo en tierra extraña. El compositor no fue nunca muy dado a viajar y una canción que escribió probablemente muy joven, Urians Reise um die Welt (El viaje de Urian alrededor del mundo), podría reflejar esa aversión. En su segunda estrofa leemos: Primero fui al Polo Norte; / ¡a fe mía que hacía frío! / Entonces pensé que, para mi gusto, / en casa se está mucho mejor.",Beethoven veranea por fin en Noruega,https://elpais.com/cultura/2022-07-11/beethoven-veranea-por-fin-en-noruega.html,elpais.csv,elpais.com,4,63
c4dc3076c710f30b44900f135958251a,"Marilyn Monroe (1926-1962) sigue siendo uno de los rostros más famosos de Hollywood. Los vestidos que se enfundó son hoy piezas de museo; las obras que inspiró baten récords en las subastas. Su marca sigue haciendo mucho dinero, pero la actriz murió sin un centavo. Tanto que ni siquiera pudo permitirse un funeral decente tras su muerte, hace casi 60 años. Es lo que ha asegurado la escritora Joyce Carol Oates, de 84 años. La autora de Blonde, biografía en la que se basa la próxima película homónima de Netflix, ha reflexionado sobre el trágico final de la actriz en el 21º Festival Internacional de Cine Fantástico de Neuchâtel, en Suiza.",Marilyn Monroe hizo ricos a muchos hombres mientras se empobrecía: No tuvo ni para un funeral decente,https://elpais.com/gente/2022-07-12/marilyn-monroe-hizo-ricos-a-muchos-hombres-mientras-se-empobrecia-no-tuvo-ni-para-un-funeral-decente.html,elpais.csv,elpais.com,8,56
4e8b6d1d5737426834b8f943e4c4d360,"Lo que debía ser un acto para celebrar el logro histórico de la aprobación de una tímida legislación sobre el control de armas en Estados Unidos, se convirtió en otra prueba de que Joe Biden es, más que nunca, un presidente en apuros. Manuel Oliver, padre de un muchacho de 17 años que perdió la vida en el tiroteo masivo de 2018 en el instituto de Parkland, Florida, interrumpió el discurso que Biden estaba dando este lunes en el jardín meridional de la Casa Blanca, ante una audiencia que incluía a congresistas de ambos partidos y familiares y supervivientes de otras célebres tragedias, de Columbine a Colorado, y de Virginia Tech a Búffalo o, la última, la matanza en el desfile del 4 de julio en Highland Park, Illinois.",El padre de una víctima de un tiroteo interrumpe a un Biden en sus horas más bajas,https://elpais.com/internacional/2022-07-12/el-padre-de-una-victima-de-un-tiroteo-interrumpe-a-un-biden-en-sus-horas-mas-bajas.html,elpais.csv,elpais.com,7,60
fdb4cea981fca56d4fa3db209316f6fc,"Gobiernos, bancos centrales, analistas y empresas observan casi hipnotizados los movimientos del gráfico. El euro lleva días rozando ese momento simbólico en que su valor se sitúe por debajo del dólar, un paso que a juzgar por la tendencia parece irreversible. La moneda única se cambiaba este martes por un dólar, alcanzando así la paridad. Hace 20 años, desde 2002, que no sucede algo así, pero los diferentes ritmos de subida de tipos por parte de los bancos centrales, la guerra en Ucrania, que por cercanía y dependencia energética está afectando más a Europa que a EE UU, y el temor a una recesión, que suele impulsar valores refugio como el dólar, están acelerando lo que hasta hace no tanto parecía inconcebible.",El dólar alcanza la paridad con el euro por primera vez en 20 años,https://elpais.com/economia/2022-07-12/el-dolar-alcanza-la-paridad-con-el-euro-por-primera-vez-en-20-anos.html,elpais.csv,elpais.com,7,64
b064f86d366b744f0e9cbefc6eb7e846,"En una larga entrevista, bien sintetizada por Federico Rivas Molina, el papa Francisco aludió al sueño de San Martín y de Bolívar. Con el juicio entusiasta que lo caracteriza habló de una profecía, de un sueño capaz de convertirse en un encuentro de todo el pueblo latinoamericano más allá de la ideología, de modo que todas las sociedades implicadas deberían ponerse a trabajar para lograr la unidad latinoamericana. Y todo en el marco de los imperialismos explotadores que oprimen a América Latina.",El sueño de San Martín y Bolívar y la profecía papal,https://elpais.com/opinion/2022-07-12/el-sueno-de-san-martin-y-bolivar-la-profecia-papal.html,elpais.csv,elpais.com,6,33
157d8fa191e3cad9584ffe27e95d902a,"Buscar un consenso estos días entre la izquierda y la derecha francesas parece un milagro, pero ha sucedido: las revelaciones sobre la estrecha relación del presidente Emmanuel Macron con Uber, según las cuales, cuando era ministro de Economía, habría intervenido personalmente para facilitar la entrada en Francia de la plataforma estadounidense de transporte privado, ha puesto a toda la oposición de acuerdo en reclamar una investigación parlamentaria de lo que califica, unánimemente, de escándalo de Estado.",La oposición francesa exige investigar los lazos de Macron con Uber,https://elpais.com/internacional/2022-07-12/la-oposicion-francesa-exige-investigar-los-lazos-de-macron-con-uber.html,elpais.csv,elpais.com,7,39
a8f2fe60c393e80af729850593dfe375,"El futuro del fútbol europeo se dirime desde este lunes ante el Tribunal de Justicia europeo, donde se enfrentan el modelo tradicional, liderado por la UEFA, con la alternativa en forma de Superliga planteada por una agrupación de clubes liderada por el Real Madrid con el respaldo fundamental del Barcelona y la Juventus. La vista celebrada en Luxemburgo, que concluye este martes, ha confirmado el choque frontal entre ambos bandos. La UEFA ha acusado a los grandes clubes, entre los que figuran el Real Madrid y el Barcelona, de querer montarse una competición privada para repartirse entre ellos los beneficios millonarios. La Superliga, en cambio, acusa a la organización futbolística de explotar un lucrativo monopolio del que abusa para frenar cualquier atisbo de competencia.","La Superliga, a los países contrarios a una competición cerrada: Creen que la UEFA es solidaria, pero solo les da limosna",https://elpais.com/deportes/2022-07-11/la-superliga-a-los-paises-contrarios-a-una-competicion-cerrada-creen-que-la-uefa-es-solidaria-pero-solo-les-da-limosna.html,elpais.csv,elpais.com,9,64
